{
	"sources" : 
	[
		{
			"file" : "C:/Users/nv/Desktop/RPGGGG/RPGGameProject-d008fd99203d1e933bb3eb71b490ab1f38dc9344/cmake-build-debug/_deps/ftxui-subbuild/CMakeFiles/ftxui-populate"
		},
		{
			"file" : "C:/Users/nv/Desktop/RPGGGG/RPGGameProject-d008fd99203d1e933bb3eb71b490ab1f38dc9344/cmake-build-debug/_deps/ftxui-subbuild/CMakeFiles/ftxui-populate.rule"
		},
		{
			"file" : "C:/Users/nv/Desktop/RPGGGG/RPGGameProject-d008fd99203d1e933bb3eb71b490ab1f38dc9344/cmake-build-debug/_deps/ftxui-subbuild/CMakeFiles/ftxui-populate-complete.rule"
		},
		{
			"file" : "C:/Users/nv/Desktop/RPGGGG/RPGGameProject-d008fd99203d1e933bb3eb71b490ab1f38dc9344/cmake-build-debug/_deps/ftxui-subbuild/ftxui-populate-prefix/src/ftxui-populate-stamp/ftxui-populate-build.rule"
		},
		{
			"file" : "C:/Users/nv/Desktop/RPGGGG/RPGGameProject-d008fd99203d1e933bb3eb71b490ab1f38dc9344/cmake-build-debug/_deps/ftxui-subbuild/ftxui-populate-prefix/src/ftxui-populate-stamp/ftxui-populate-configure.rule"
		},
		{
			"file" : "C:/Users/nv/Desktop/RPGGGG/RPGGameProject-d008fd99203d1e933bb3eb71b490ab1f38dc9344/cmake-build-debug/_deps/ftxui-subbuild/ftxui-populate-prefix/src/ftxui-populate-stamp/ftxui-populate-download.rule"
		},
		{
			"file" : "C:/Users/nv/Desktop/RPGGGG/RPGGameProject-d008fd99203d1e933bb3eb71b490ab1f38dc9344/cmake-build-debug/_deps/ftxui-subbuild/ftxui-populate-prefix/src/ftxui-populate-stamp/ftxui-populate-install.rule"
		},
		{
			"file" : "C:/Users/nv/Desktop/RPGGGG/RPGGameProject-d008fd99203d1e933bb3eb71b490ab1f38dc9344/cmake-build-debug/_deps/ftxui-subbuild/ftxui-populate-prefix/src/ftxui-populate-stamp/ftxui-populate-mkdir.rule"
		},
		{
			"file" : "C:/Users/nv/Desktop/RPGGGG/RPGGameProject-d008fd99203d1e933bb3eb71b490ab1f38dc9344/cmake-build-debug/_deps/ftxui-subbuild/ftxui-populate-prefix/src/ftxui-populate-stamp/ftxui-populate-patch.rule"
		},
		{
			"file" : "C:/Users/nv/Desktop/RPGGGG/RPGGameProject-d008fd99203d1e933bb3eb71b490ab1f38dc9344/cmake-build-debug/_deps/ftxui-subbuild/ftxui-populate-prefix/src/ftxui-populate-stamp/ftxui-populate-test.rule"
		},
		{
			"file" : "C:/Users/nv/Desktop/RPGGGG/RPGGameProject-d008fd99203d1e933bb3eb71b490ab1f38dc9344/cmake-build-debug/_deps/ftxui-subbuild/ftxui-populate-prefix/src/ftxui-populate-stamp/ftxui-populate-update.rule"
		}
	],
	"target" : 
	{
		"labels" : 
		[
			"ftxui-populate"
		],
		"name" : "ftxui-populate"
	}
}